{
    "ign": {
        "0": [
            2.502067254894769e-07,
            3.929066328112185e-07,
            5.038900582121642e-07,
            5.383724803209589e-07,
            5.504011923562758e-07
        ],
        "1": [
            2.5899045375865625e-07,
            1.3931705365166635e-06,
            1.899037905559453e-06,
            2.106847215372909e-06,
            2.2383314387752763e-06
        ],
        "2": [
            2.1848773513966079e-07,
            1.667963927332039e-07,
            2.0258776459058936e-07,
            2.190853845718266e-07,
            2.3197290353493826e-07
        ],
        "3": [
            2.0898622064891016e-07,
            1.235444990754786e-06,
            1.6512699704662737e-06,
            1.8243860876054895e-06,
            1.9115932252589116e-06
        ],
        "4": [
            2.5620351237876096e-07,
            3.302706192016558e-06,
            4.590560617998562e-06,
            5.149174373855203e-06,
            5.44251537803575e-06
        ],
        "5": [
            2.302418511135329e-07,
            8.98999245748655e-07,
            1.2365533996216982e-06,
            1.3525016521498402e-06,
            1.441498372400929e-06
        ],
        "6": [
            3.130670386752854e-07,
            1.4569664853070207e-06,
            2.0548511304241403e-06,
            2.2334759592013143e-06,
            2.3166972084709412e-06
        ],
        "7": [
            2.5411327847280063e-07,
            4.834724003899282e-07,
            6.844243571890729e-07,
            7.574041586622115e-07,
            7.850164030287487e-07
        ],
        "8": [
            3.0965543452055044e-07,
            1.3396537434573475e-06,
            1.894002903668479e-06,
            2.0856212768194384e-06,
            2.168125784010044e-06
        ],
        "9": [
            3.353258497185152e-07,
            1.8041061048279515e-06,
            2.4980593184409373e-06,
            2.7989264447114693e-06,
            2.9520139162286798e-06
        ]
    },
    "simple": {
        "0": [
            1.0045498513591155e-05,
            3.247762202818194e-06,
            2.215666797837912e-06,
            1.8579961704290327e-06,
            1.7213573136132254e-06
        ],
        "1": [
            9.949239299658074e-06,
            3.276592598240313e-06,
            2.1830186534543827e-06,
            1.8444066819256476e-06,
            1.682397257241064e-06
        ],
        "2": [
            1.0300973426637939e-05,
            3.5026765533530123e-06,
            2.567809627294082e-06,
            2.268284388264874e-06,
            2.1298210356235358e-06
        ],
        "3": [
            1.0331972480344121e-05,
            3.4564649786261726e-06,
            2.4095872964835506e-06,
            2.105944116124192e-06,
            1.9516357008342313e-06
        ],
        "4": [
            1.0211786682248203e-05,
            3.214481251916368e-06,
            2.1299218781223316e-06,
            1.7835613743955036e-06,
            1.5909286793203136e-06
        ],
        "5": [
            9.964869930172426e-06,
            3.1794975666343816e-06,
            2.019592128021941e-06,
            1.7247912842321966e-06,
            1.5911778751842576e-06
        ],
        "6": [
            9.965877945887768e-06,
            3.2402357430783015e-06,
            2.249267297429469e-06,
            1.8968057435131414e-06,
            1.7835351042094772e-06
        ],
        "7": [
            9.935465980106529e-06,
            3.452121488862758e-06,
            2.444267681198653e-06,
            2.137913908200062e-06,
            2.0228112219911055e-06
        ],
        "8": [
            1.0109160825777508e-05,
            3.688583605025997e-06,
            2.767109739352236e-06,
            2.4489848965458806e-06,
            2.3528835902197897e-06
        ],
        "9": [
            9.983811196434544e-06,
            3.1564537880512945e-06,
            1.879948960663569e-06,
            1.47147243467316e-06,
            1.302237242271076e-06
        ]
    },
    "unreduced": {
        "0": [
            4.822494105383157e-06,
            1.5571386182955393e-06,
            1.193857992802805e-06,
            1.0785404583657509e-06,
            1.0468314604850092e-06
        ],
        "1": [
            4.018650420221093e-06,
            1.6899327602004632e-06,
            1.419596218852348e-06,
            1.356935770218115e-06,
            1.3244599784911771e-06
        ],
        "2": [
            8.06857972747821e-06,
            2.153679080834081e-06,
            1.3523930925884997e-06,
            1.127781410730222e-06,
            1.0361244073919806e-06
        ],
        "3": [
            2.6530126751822537e-06,
            8.542863110960753e-07,
            6.251034390913901e-07,
            5.628049076733532e-07,
            5.391901520113151e-07
        ],
        "4": [
            4.921181302961486e-06,
            1.8893189809432443e-06,
            1.534702374783592e-06,
            1.4472140969701286e-06,
            1.4036951637308447e-06
        ],
        "5": [
            2.0287220917225567e-06,
            6.851091112025643e-07,
            6.22424289247192e-07,
            6.19992239307976e-07,
            6.366830371007381e-07
        ],
        "6": [
            8.742392985823244e-06,
            2.121121360687539e-06,
            1.1147451456849922e-06,
            8.631091142774494e-07,
            7.186628334920897e-07
        ],
        "7": [
            4.418240317818345e-06,
            1.4563205496642695e-06,
            1.0282903369329687e-06,
            9.000092200039944e-07,
            8.389965276478506e-07
        ],
        "8": [
            7.35629332211829e-06,
            2.1145044797776792e-06,
            1.4548787328294566e-06,
            1.2796879013876606e-06,
            1.208764812759e-06
        ],
        "9": [
            3.0841597526887197e-06,
            9.96910428625597e-07,
            7.144315210894092e-07,
            6.352247697805069e-07,
            6.020542301143905e-07
        ]
    },
    "reduced": {
        "0": [
            3.7362040211519344e-06,
            1.0594938817121147e-06,
            6.807652630413941e-07,
            5.597059796969006e-07,
            5.07834770644422e-07
        ],
        "1": [
            2.6592165238525922e-06,
            1.3901185201348198e-06,
            1.2903694158694633e-06,
            1.2790710133003813e-06,
            1.2827402179027558e-06
        ],
        "2": [
            1.6104088408042116e-06,
            4.232108157964376e-07,
            3.1939074219167196e-07,
            2.9006089569350024e-07,
            2.8878282876121375e-07
        ],
        "3": [
            6.92989098496355e-07,
            4.3751160873739535e-07,
            4.865230749828697e-07,
            5.145146435836523e-07,
            5.398827798330785e-07
        ],
        "4": [
            4.42929162090877e-06,
            1.3022185220279426e-06,
            8.311790446668965e-07,
            6.867273728516921e-07,
            6.168239707449175e-07
        ],
        "5": [
            1.940817545005302e-06,
            6.056607162463479e-07,
            5.764547182707247e-07,
            5.815877059944796e-07,
            5.997314312367052e-07
        ],
        "6": [
            3.9462772826937e-06,
            9.326856812208462e-07,
            4.945969958214391e-07,
            3.452185805485897e-07,
            2.795040283842809e-07
        ],
        "7": [
            4.400315577868241e-06,
            1.2113499505517211e-06,
            8.82231667844735e-07,
            7.887451329224859e-07,
            7.64164834663461e-07
        ],
        "8": [
            2.468957712835618e-06,
            9.387015731476822e-07,
            7.810826500076473e-07,
            7.362248754816392e-07,
            7.171905676273127e-07
        ],