{
    "DeepSet": {
        "0": {
            "mse": [
                0.004997246898710728,
                2.9304070472717285,
                11.74327278137207,
                27.977685928344727,
                48.99970626831055,
                73.11277770996094,
                105.31932067871094,
                147.299072265625,
                197.86610412597656,
                237.5814971923828
            ]
        },
        "1": {
            "mse": [
                0.004870010074228048,
                2.6442904472351074,
                10.555997848510742,
                25.309843063354492,
                44.32360076904297,
                65.84557342529297,
                95.12334442138672,
                133.20289611816406,
                178.263671875,
                214.55990600585938
            ]
        },
        "2": {
            "mse": [
                0.004521307069808245,
                2.7883598804473877,
                11.20627498626709,
                26.690114974975586,
                46.793174743652344,
                69.6902084350586,
                100.144775390625,
                140.92262268066406,
                187.9019012451172,
                226.4281463623047
            ]
        },
        "3": {
            "mse": [
                0.004056944977492094,
                2.4794390201568604,
                9.831978797912598,
                23.594472885131836,
                41.433311462402344,
                61.01225280761719,
                88.43268585205078,
                123.21338653564453,
                166.23434448242188,
                198.82046508789062
            ]
        },
        "4": {
            "mse": [
                0.004524992313235998,
                2.4753434658050537,
                9.858424186706543,
                23.618553161621094,
                41.45136642456055,
                61.50796890258789,
                88.90645599365234,
                124.4377212524414,
                166.71177673339844,
                199.6436004638672
            ]
        },
        "5": {
            "mse": [
                0.0042012762278318405,
                2.532083511352539,
                10.131975173950195,
                24.33806610107422,
                42.609554290771484,
                63.176116943359375,
                91.51681518554688,
                127.70231628417969,
                172.14028930664062,
                206.1768341064453
            ]
        },
        "6": {
            "mse": [
                0.004219640977680683,
                2.5218710899353027,
                10.061752319335938,
                24.14362335205078,
                42.19575119018555,
                62.53790283203125,
                90.47064208984375,
                125.89888763427734,
                170.1116180419922,
                203.5215606689453
            ]
        },
        "7": {
            "mse": [
                0.004278816282749176,
                2.4397518634796143,
                9.681639671325684,
                23.236597061157227,
                40.580596923828125,
                60.29872131347656,
                87.1870346069336,
                121.7468490600586,
                163.76654052734375,
                196.00328063964844
            ]
        },
        "8": {
            "mse": [
                0.005322577897459269,
                2.944833755493164,
                11.760993003845215,
                27.992692947387695,
                49.107704162597656,
                73.1489028930664,
                105.40376281738281,
                147.68881225585938,
                197.18653869628906,
                237.79200744628906
            ]
        },
        "9": {
            "mse": [
                0.004913413431495428,
                2.7547824382781982,
                10.941673278808594,
                26.160560607910156,
                45.79245376586914,
                68.14463806152344,
                98.59782409667969,
                137.7425994873047,
                184.32736206054688,
                222.32208251953125
            ]
        }
    },
    "Normalized DeepSet": {
        "0": {
            "mse": [
                0.007608052808791399,
                0.0059260218404233456,
                0.004310439340770245,
                0.005404526833444834,
                0.004804501309990883,
                0.004610459320247173,
                0.0047359466552734375,
                0.004821484442800283,
                0.004492744337767363,
                0.0049809981137514114
            ]
        },
        "1": {
            "mse": [
                0.008431559428572655,
                0.006800868548452854,
                0.005460537038743496,
                0.005630191881209612,
                0.005442345980554819,
                0.005220381077378988,
                0.005345436744391918,
                0.006344469264149666,
                0.0052445135079324245,
                0.005292766727507114
            ]
        },
        "2": {
            "mse": [
                0.006394073832780123,
                0.00476704491302371,
                0.003636276349425316,
                0.0039139906875789165,
                0.0039326949045062065,
                0.0035559404641389847,
                0.0034615194890648127,
                0.004154743626713753,
                0.0032072903122752905,
                0.0038437568582594395
            ]
        },
        "3": {
            "mse": [
                0.008363179862499237,
                0.006837380118668079,
                0.005764198489487171,
                0.005888652056455612,
                0.005824752617627382,
                0.005957654677331448,
                0.006028682924807072,
                0.005875494796782732,
                0.005490868352353573,
                0.005637947004288435
            ]
        },
        "4": {
            "mse": [
                0.007022838573902845,
                0.0054163336753845215,
                0.004133397713303566,
                0.0043407948687672615,
                0.004295903258025646,
                0.004387191962450743,
                0.004120926838368177,
                0.004261936992406845,
                0.004156344570219517,
                0.00414499593898654
            ]
        },
        "5": {
            "mse": [
                0.00577462138608098,
                0.004279382526874542,
                0.0033121947199106216,
                0.0035367924720048904,
                0.003703199326992035,
                0.0032736777793616056,
                0.0035272338427603245,
                0.003762627486139536,
                0.003383172443136573,
                0.0034701935946941376
            ]
        },
        "6": {
            "mse": [
                0.006877388805150986,
                0.005105254240334034,
                0.0037205552216619253,
                0.00419453764334321,
                0.00396855128929019,
                0.004332575481384993,
                0.004150073509663343,
                0.004250247497111559,
                0.0038725591730326414,
                0.0038172630593180656
            ]
        },
        "7": {
            "mse": [
                0.007052489556372166,
                0.005893188063055277,
                0.004075490403920412,
                0.004780594725161791,
                0.00490022636950016,
                0.004732274450361729,
                0.004642364103347063,
                0.004818450193852186,
                0.004782069940119982,
                0.0044808052480220795
            ]
        },