{"ign": {"0": [1.9642134803632416e-06, 3.0361661811184604e-06, 3.666650792979453e-06, 4.345032625678868e-06, 4.227373382263977e-06], "1": [2.347223138770005e-06, 3.3973683753174557e-06, 4.018279879005604e-06, 4.326094218072285e-06, 4.3970888873445804e-06], "2": [1.7824690209522488e-06, 4.361574930840106e-06, 5.635163244051001e-06, 6.36196499556263e-06, 6.299092276549345e-06], "3": [1.9332038681341146e-06, 3.2106996161473942e-06, 4.308190021333758e-06, 4.502724323742769e-06, 4.666852183845549e-06], "4": [1.6916480956297164e-06, 4.749991759354088e-06, 6.137291035201997e-06, 6.935293550895949e-06, 7.019568627129047e-06], "5": [1.6735004095380646e-06, 3.3371620978073224e-06, 4.613192037936642e-06, 4.933443597678888e-06, 4.891610901722743e-06], "6": [1.9466505062837312e-06, 8.365400555021552e-06, 1.208007142167844e-05, 1.3117534315369994e-05, 1.3753840034951281e-05], "7": [2.149113296923133e-06, 2.9798339068065615e-06, 3.9064751638306916e-06, 4.0752489690021324e-06, 4.37878820662263e-06], "8": [2.3890082616162543e-06, 3.780746698112125e-06, 4.685795785235314e-06, 4.882403496253574e-06, 4.978968700584119e-06], "9": [2.004338002308259e-06, 3.017249825916224e-06, 3.718321123642454e-06, 4.009872091614852e-06, 4.1696689606851575e-06]}, "simple": {"0": [7.885947273280181e-05, 5.304423067173047e-05, 5.1488701001289885e-05, 4.8856898383746736e-05, 4.9208000064027146e-05], "1": [8.090466629255388e-05, 5.356277694772871e-05, 4.778673764121777e-05, 4.750437908114691e-05, 5.029264661061461e-05], "2": [7.21281712048949e-05, 5.4375276722566926e-05, 5.123504067341855e-05, 4.817901056867413e-05, 5.2486899435280065e-05], "3": [7.410737336613238e-05, 5.140081515492056e-05, 4.7030050545799895e-05, 4.7680730126558047e-05, 4.85681223381107e-05], "4": [7.799391128173738e-05, 5.407392425695434e-05, 5.092962033813819e-05, 5.138199162047385e-05, 4.617347254679771e-05], "5": [7.565816046735563e-05, 4.738653259664716e-05, 5.10214897667538e-05, 4.745709912185703e-05, 4.669189220294356e-05], "6": [7.600867208566342e-05, 5.306165920046624e-05, 5.0378077821733315e-05, 5.048623082984705e-05, 4.8668953290871286e-05], "7": [7.756734125905496e-05, 5.4590701238339535e-05, 5.132448653512256e-05, 5.034829586293199e-05, 4.911027040179761e-05], "8": [8.246222535490233e-05, 5.255003492493415e-05, 5.360523111903603e-05, 4.943126114540064e-05, 5.108844966343895e-05], "9": [7.816415477009287e-05, 5.43639051647915e-05, 4.7702715041850754e-05, 4.848181106808625e-05, 4.964806354109896e-05]}, "unreduced": {"0": [4.258887493506336e-05, 2.8013589699185104e-05, 2.7702690881596937e-05, 2.583977966423845e-05, 2.53575960505259e-05], "1": [6.33412281240453e-05, 4.3917336406593676e-05, 3.9379902200380454e-05, 4.009710891295981e-05, 4.163013340985344e-05], "2": [3.199996695911977e-05, 2.103859763337823e-05, 1.8222379260350863e-05, 1.7998358805471072e-05, 1.7704088531900197e-05], "3": [0.00010213232717433129, 6.456082076510938e-05, 5.9721572370108333e-05, 5.635062155306514e-05, 5.4801367814434345e-05], "4": [3.883298052187456e-05, 2.624283559725882e-05, 2.5800604962569196e-05, 2.4431210135844594e-05, 2.4778836686891735e-05], "5": [3.536239973982447e-05, 2.16307026062168e-05, 2.0636504902995512e-05, 1.978533293822693e-05, 1.888117114049237e-05], "6": [3.9829696156630234e-05, 2.6850948452192824e-05, 2.305400388650014e-05, 2.248259717816836e-05, 2.1885805886086018e-05], "7": [8.345115584234009e-05, 5.641846972139319e-05, 5.141167105648492e-05, 4.657744863834523e-05, 4.802273871064244e-05], "8": [3.5767219255831154e-05, 2.6228152723888342e-05, 2.3160828036452585e-05, 2.4055181206676935e-05, 2.4180093610084442e-05], "9": [5.014480314002867e-05, 3.1059420175552075e-05, 2.66958058500677e-05, 2.6647110089470517e-05, 2.5770536994969005e-05]}, "reduced": {"0": [8.612491617441265e-06, 3.954555132850146e-06, 3.4229695421572613e-06, 3.4384407246079718e-06, 3.3709621027355752e-06], "1": [8.182458193459752e-06, 4.0889116388598265e-06, 3.7464667707354236e-06, 3.587034075280826e-06, 3.770435249066395e-06], "2": [5.942001150174292e-06, 2.504065118671406e-06, 2.1288851263534526e-06, 2.0311899993430415e-06, 1.906183615574264e-06], "3": [1.2913252885482506e-05, 6.5429712697095965e-06, 6.004269350228242e-06, 5.610818769810066e-06, 5.6549579994680245e-06], "4": [8.724844665266574e-06, 4.497462302879285e-06, 4.421807770427222e-06, 4.101830643321591e-06, 4.006042249784514e-06], "5": [7.015106382368685e-06, 4.94966425947041e-06, 3.2673317826947825e-06, 2.962307701181999e-06, 2.970781570752479e-06], "6": [1.2138583906562417e-05, 6.155610599307692e-06, 5.727571226543659e-06, 5.305250710989639e-06, 5.571239394157601e-06], "7": [9.678509862851569e-06, 4.027136673698806e-06, 3.558318730370047e-06, 3.3013330738640436e-06, 3.154492652015506e-06], "8": [1.3559479001514773e-05, 6.697871536971434e-06, 5.96442762685001e-06, 6.032709198962038e-06, 5.689185213668679e-06], "9": [1.2553496133023145e-05, 6.675568062064485e-06, 5.97956967681057e-06, 6.319277889588193e-06, 6.4838467659456e-06]}}