{
    "ign": {
        "0": [
            0.0014660533274582122,
            0.0015132782977889292,
            0.0020058826223248614,
            0.002152915676997509,
            0.0022364113689400254
        ],
        "1": [
            0.0017871087016828823,
            0.0018970572110265493,
            0.0024690166814252735,
            0.0027795397836598568,
            0.003001087627781089
        ],
        "2": [
            0.0014596359993447549,
            0.0038854696467751637,
            0.006811437568394467,
            0.0073802960489410905,
            0.00760215459682513
        ],
        "3": [
            0.0014825705844850746,
            0.0014578407237422653,
            0.001848147498385515,
            0.002003773944743443,
            0.0021439813973847775
        ],
        "4": [
            0.0016507132389233447,
            0.0016972063027787955,
            0.0021318454435095193,
            0.00234163922839798,
            0.002553381657344289
        ],
        "5": [
            0.0018801140360301361,
            0.0020172075289883653,
            0.002530254757439252,
            0.0027969698086963033,
            0.0030062048399122432
        ],
        "6": [
            0.0015897449120529927,
            0.0017617705115117134,
            0.002104474305524491,
            0.00251479905389715,
            0.002707458629156463
        ],
        "7": [
            0.0019445334354531952,
            0.002770118448534049,
            0.004264536503469572,
            0.004837797433137894,
            0.005070643970393576
        ],
        "8": [
            0.0015945017273770645,
            0.001827232801297214,
            0.0024022127801436,
            0.002741527117905207,
            0.002815282506053336
        ],
        "9": [
            0.0016844248346751555,
            0.004478467648732476,
            0.007209866655757651,
            0.008962818530853837,
            0.00952311722212471
        ]
    },
    "simple": {
        "0": [
            0.0559717792738229,
            0.043174468399956825,
            0.03796499479562044,
            0.03655940583907068,
            0.034685282586142424
        ],
        "1": [
            0.05988025126978755,
            0.04348626449238509,
            0.036986766089685263,
            0.03716726320795715,
            0.03778321289457381
        ],
        "2": [
            0.05555403797887266,
            0.04182919926010072,
            0.03932553274556994,
            0.036474785720929506,
            0.03548796129412949
        ],
        "3": [
            0.05623374651186168,
            0.041705182883888484,
            0.038138223788701,
            0.033798802201636134,
            0.034950247230008245
        ],
        "4": [
            0.0587486137682572,
            0.04476072273217142,
            0.03780756055843085,
            0.036946919723413886,
            0.03510440973564982
        ],
        "5": [
            0.05918827041052282,
            0.04013157485984266,
            0.03563797135371715,
            0.03560563719831407,
            0.035760217551141976
        ],
        "6": [
            0.05677153938915581,
            0.04248431843239814,
            0.03697460853494704,
            0.03427143811713904,
            0.035633691884577275
        ],
        "7": [
            0.05803003375418484,
            0.04135163841303438,
            0.04049803053028882,
            0.03667191907763481,
            0.037750808615237476
        ],
        "8": [
            0.06136567839886993,
            0.044744651233777404,
            0.03793724827002734,
            0.0353087298059836,
            0.03466110001318157
        ],
        "9": [
            0.059385129632428285,
            0.04110473326407373,
            0.03935796373989433,
            0.03565230504609644,
            0.035172819118015466
        ]
    },
    "reduced": {
        "0": [
            0.006526629264699295,
            0.0037121585971908646,
            0.00274333620123798,
            0.0026613711490062995,
            0.0024400322485598736
        ],
        "1": [
            0.00674371235538274,
            0.003959602458635345,
            0.0031050516621326098,
            0.003483982462785207,
            0.0030936564359581096
        ],
        "2": [
            0.0032419955063960515,
            0.0016628341629984788,
            0.001193044517567614,
            0.001014955653809011,
            0.0009611599690106232
        ],
        "3": [
            0.008068271253723652,
            0.005566130033112131,
            0.004403866934007965,
            0.004088057299377397,
            0.00426652814319823
        ],
        "4": [
            0.004918653583736159,
            0.002798956120968796,
            0.0022212982235942035,
            0.0020005201775347816,
            0.002049285013781628
        ],
        "5": [
            0.020435669638682156,
            0.01530168900033459,
            0.011805524642113596,
            0.010324011037591846,
            0.011367152258753777
        ],
        "6": [
            0.005449757424648851,
            0.0029707820640760474,
            0.0023489753738977015,
            0.0021710327820619567,
            0.0020795396459288894
        ],
        "7": [
            0.0039999085656018,
            0.0018976044344890398,
            0.0013419885659823195,
            0.0012329274122021162,
            0.0011739574477542191
        ],
        "8": [
            0.007956097540445626,
            0.004160596714355052,
            0.0032169846125179903,
            0.0027652948259492406,
            0.0026998716581147163
        ],
        "9": [
            0.0052039576700190085,
            0.0028636437113163994,
            0.002424700062838383,
            0.002083681927761063,
            0.002128818453638814
        ]
    },
    "unreduced": {
        "0": [
            0.025977376394439488,
            0.01755691603757441,
            0.015396980305667966,
            0.016363336481153967,
            0.01569952643243596
        ],
        "1": [
            0.005025635339552537,
            0.003663294052821584,
            0.0033677687827730553,
            0.0034222728270106016,
            0.0031742246355861425
        ],
        "2": [
            0.010059936932520941,
            0.0068628290528431534,
            0.00671591778867878,
            0.005982924508862198,
            0.006027177718933672
        ],
        "3": [
            0.014462769497185946,
            0.010717083432246,
            0.01049161680857651,
            0.010588102266192436,
            0.010529952165670693
        ],
        "4": [
            0.027021506265737117,
            0.018863312150351703,
            0.018549217311665415,
            0.0169979203119874,
            0.016023989012464882
        ],
        "5": [
            0.005790356191573665,
            0.003789830626337789,
            0.0034129071736242623,
            0.0034554789087269454,
            0.003267727338534314
        ],
        "6": [
            0.04779479811899364,
            0.032854615789838136,
            0.03158609424252063,
            0.027406675769016148,
            0.02739360820967704
        ],
        "7": [
            0.044999293838627635,
            0.030823016208596527,
            0.028831820711493494,
            0.02560952733270824,
            0.026861305721104144
        ],
        "8": [
            0.02336903427960351,
            0.017611414298880846,
            0.015922470362856985,
            0.015896196835674347,
            0.015007998396176845
        ],
        "9": [
            0.011220163389807566,
            0.007691399035975337,
            0.006977313979296014,
            0.006876867051469162,
            0.007087293551303446
        ]
    }
}